Age,Education,Salary
-1.1547005383792517,-0.5773502691896258,14218
0.5773502691896258,-0.5773502691896258,44373
0.5773502691896258,1.1547005383792515,49222
